time,chain,symbol,entry,exit,pnl_pct,profit_usd,reason,minutes
10-08 21:19,solana,Frank,0.0007241,0.0006821,-7.3,-0.584,SL,20
10-09 02:30,solana,OWLNIGHT,0.0007639,0.0008307,7.24,0.58,TP,18
10-09 06:55,solana,SI276,0.001898,0.001853,-3.87,-0.31,TIME,66
10-09 15:31,solana,Gary,0.0004826,0.0003589,-27.13,-2.171,SL,20
10-09 23:07,robinhood,GOOD,0.002101,0.002049,-3.98,-0.318,TIME,66
10-10 02:30,bsc,TART,0.001461,0.001548,4.45,0.356,TIME,68
10-10 10:58,solana,GOMO,0.001313,0.001246,-6.6,-0.528,SL,61
10-10 13:19,robinhood,GIGATENEV,0.000578,0.0004598,-21.95,-1.756,SL,18
10-10 18:39,solana,qOMPUTE,0.0017,0.00113,-35.03,-2.802,SL,21
